epoch,time,train/box_loss,train/cls_loss,train/dfl_loss,metrics/precision(B),metrics/recall(B),metrics/mAP50(B),metrics/mAP50-95(B),val/box_loss,val/cls_loss,val/dfl_loss,lr/pg0,lr/pg1,lr/pg2
1,26.6579,1.61295,2.73454,1.66406,0.33736,0.0586,0.02165,0.0059,2.92321,3.92294,3.39757,0.000984127,0.000984127,0.0813016
2,49.178,1.64356,2.20914,1.69683,0.07777,0.11801,0.01508,0.00416,2.96661,5.3769,3.67446,0.00196776,0.00196776,0.0622852
3,71.699,1.64051,2.16445,1.68761,0.28184,0.04063,0.02118,0.00684,2.93276,8.25107,4.04184,0.00293489,0.00293489,0.0432523
4,98.3895,1.65997,2.14347,1.71049,0.55331,0.03512,0.0219,0.00726,2.95177,17.0867,3.52331,0.00388552,0.00388552,0.024203
5,121.634,1.63487,2.12239,1.69301,0.0685,0.15053,0.02821,0.00953,2.76016,8.46399,3.38341,0.00481965,0.00481965,0.00513711
6,144.01,1.60493,2.04377,1.67507,0.22674,0.24734,0.16341,0.06937,2.26633,3.95388,2.51328,0.00479375,0.00479375,0.00479375
7,166.369,1.53463,1.9408,1.62649,0.42409,0.13657,0.11924,0.04676,2.40708,4.27958,2.66521,0.0047525,0.0047525,0.0047525
8,188.876,1.52589,1.86002,1.61317,0.49689,0.47074,0.46263,0.25831,1.77561,2.55736,1.91588,0.00471125,0.00471125,0.00471125
9,211.15,1.46555,1.78044,1.57536,0.39922,0.43208,0.34614,0.1807,1.77975,2.31807,1.81224,0.00467,0.00467,0.00467
10,233.951,1.46155,1.75776,1.57135,0.42629,0.35498,0.30795,0.16286,1.89699,3.05262,1.97612,0.00462875,0.00462875,0.00462875
11,256.356,1.43107,1.69117,1.55278,0.48631,0.32149,0.30794,0.16329,1.9245,2.63668,2.01198,0.0045875,0.0045875,0.0045875
12,279.097,1.4251,1.67927,1.54539,0.68338,0.35827,0.38256,0.19594,1.82157,2.34359,1.9366,0.00454625,0.00454625,0.00454625
13,301.578,1.4005,1.63477,1.52855,0.28642,0.27673,0.19691,0.0992,1.89714,4.13474,1.96813,0.004505,0.004505,0.004505
14,323.96,1.37174,1.60318,1.51846,0.73255,0.50891,0.5925,0.36036,1.50911,1.73196,1.56278,0.00446375,0.00446375,0.00446375
15,346.433,1.35681,1.57954,1.50886,0.55953,0.47879,0.48682,0.27734,1.57246,2.16037,1.67978,0.0044225,0.0044225,0.0044225
16,369.51,1.37412,1.5788,1.51591,0.63072,0.56912,0.60352,0.38543,1.41563,1.52239,1.51505,0.00438125,0.00438125,0.00438125
17,392.113,1.32649,1.48283,1.48171,0.57642,0.57435,0.58869,0.36907,1.44821,1.77096,1.53768,0.00434,0.00434,0.00434
18,415.578,1.34768,1.51367,1.49292,0.6667,0.57728,0.61353,0.3754,1.53476,1.56859,1.56197,0.00429875,0.00429875,0.00429875
19,440.445,1.31952,1.48916,1.47257,0.62765,0.61591,0.6122,0.40708,1.34042,1.59759,1.42926,0.0042575,0.0042575,0.0042575
20,464.941,1.32186,1.45479,1.47289,0.7059,0.50153,0.56308,0.36199,1.43726,1.57801,1.56865,0.00421625,0.00421625,0.00421625
21,489.261,1.31871,1.4492,1.47388,0.70571,0.60163,0.65162,0.43416,1.31157,1.44599,1.44019,0.004175,0.004175,0.004175
22,513.561,1.28322,1.42351,1.45612,0.70775,0.56429,0.61729,0.40047,1.38986,1.6157,1.50942,0.00413375,0.00413375,0.00413375
23,538.688,1.28464,1.40784,1.45318,0.65157,0.54423,0.58991,0.35926,1.45074,1.55517,1.56621,0.0040925,0.0040925,0.0040925
24,563.872,1.28518,1.40387,1.45518,0.72872,0.58107,0.64228,0.43312,1.36026,1.56262,1.47698,0.00405125,0.00405125,0.00405125
25,589.047,1.2701,1.37255,1.44892,0.67416,0.65989,0.68465,0.4673,1.30483,1.29081,1.40906,0.00401,0.00401,0.00401
26,613.389,1.26965,1.35989,1.44008,0.7259,0.63796,0.69354,0.4786,1.24083,1.26497,1.36235,0.00396875,0.00396875,0.00396875
27,638.251,1.2462,1.33341,1.42757,0.7527,0.61659,0.67993,0.47117,1.26327,1.34303,1.38374,0.0039275,0.0039275,0.0039275
28,663.402,1.24051,1.32847,1.42787,0.72249,0.62814,0.67782,0.4596,1.3226,1.23557,1.4041,0.00388625,0.00388625,0.00388625
29,689.785,1.24579,1.30486,1.42092,0.77227,0.5972,0.6806,0.45717,1.28172,1.20517,1.41016,0.003845,0.003845,0.003845
30,718.198,1.22281,1.30673,1.41726,0.81504,0.6238,0.70702,0.48524,1.28346,1.22534,1.36274,0.00380375,0.00380375,0.00380375
31,744.279,1.22614,1.29849,1.4056,0.71515,0.6781,0.71748,0.49611,1.19612,1.18842,1.3351,0.0037625,0.0037625,0.0037625
32,770.706,1.22414,1.29906,1.41061,0.81002,0.66937,0.74173,0.51916,1.22096,1.13169,1.31905,0.00372125,0.00372125,0.00372125
33,796.325,1.21282,1.28396,1.40509,0.67505,0.62781,0.66795,0.44828,1.26483,1.26967,1.39071,0.00368,0.00368,0.00368
34,821.585,1.18068,1.23758,1.39535,0.76198,0.6257,0.70372,0.46902,1.26363,1.19774,1.38293,0.00363875,0.00363875,0.00363875
35,843.94,1.20025,1.25496,1.40195,0.78047,0.7207,0.77689,0.53801,1.19444,1.05787,1.30583,0.0035975,0.0035975,0.0035975
36,869.084,1.19179,1.25289,1.39186,0.80466,0.6868,0.75299,0.5292,1.17428,1.07639,1.29749,0.00355625,0.00355625,0.00355625
37,894.764,1.18501,1.23297,1.38959,0.75801,0.67241,0.72762,0.50418,1.20159,1.10543,1.309,0.003515,0.003515,0.003515
38,925.627,1.16834,1.22396,1.38303,0.76399,0.69022,0.74345,0.52131,1.18135,1.07366,1.32747,0.00347375,0.00347375,0.00347375
39,959.961,1.17327,1.22366,1.38392,0.82902,0.72065,0.78351,0.55846,1.13729,1.00238,1.26674,0.0034325,0.0034325,0.0034325
40,994.85,1.16978,1.20594,1.37566,0.78817,0.67637,0.74256,0.51002,1.23017,1.1764,1.34833,0.00339125,0.00339125,0.00339125
41,1028.99,1.18108,1.19392,1.38116,0.78795,0.67152,0.73737,0.50386,1.22009,1.06805,1.32978,0.00335,0.00335,0.00335
42,1063.08,1.16592,1.19754,1.37579,0.84168,0.74402,0.81199,0.57977,1.10583,0.94983,1.24622,0.00330875,0.00330875,0.00330875
43,1094.53,1.14241,1.15925,1.36253,0.83153,0.71383,0.79065,0.56169,1.12919,0.97654,1.27733,0.0032675,0.0032675,0.0032675
44,1127.14,1.14742,1.17685,1.37014,0.79909,0.69324,0.75085,0.54343,1.15748,1.0443,1.26723,0.00322625,0.00322625,0.00322625
45,1161.3,1.14707,1.16195,1.3626,0.82356,0.71653,0.78809,0.55487,1.11964,0.93998,1.26034,0.003185,0.003185,0.003185
46,1188.55,1.13466,1.15928,1.35714,0.814,0.67675,0.7549,0.5528,1.10408,1.01277,1.2459,0.00314375,0.00314375,0.00314375
47,1213.11,1.13084,1.14524,1.35803,0.83589,0.7293,0.79623,0.57084,1.11575,0.92089,1.25618,0.0031025,0.0031025,0.0031025
48,1238.67,1.14978,1.1596,1.3647,0.82089,0.74397,0.79395,0.57323,1.12731,0.91432,1.23533,0.00306125,0.00306125,0.00306125
49,1264.16,1.1294,1.11869,1.34881,0.81536,0.76484,0.8139,0.5942,1.05676,0.85305,1.19855,0.00302,0.00302,0.00302
50,1290,1.12207,1.11701,1.34987,0.83711,0.67772,0.76056,0.55277,1.09433,1.04707,1.23054,0.00297875,0.00297875,0.00297875
51,1316.88,1.12645,1.11854,1.35141,0.83798,0.71332,0.78526,0.55757,1.08704,0.90518,1.23181,0.0029375,0.0029375,0.0029375
52,1347.68,1.13147,1.11892,1.34896,0.86499,0.72089,0.80754,0.57816,1.09146,0.91524,1.22682,0.00289625,0.00289625,0.00289625
53,1374.24,1.11248,1.10257,1.34474,0.8818,0.7405,0.82455,0.59899,1.04616,0.86734,1.20199,0.002855,0.002855,0.002855
54,1400.19,1.10286,1.08916,1.33442,0.82132,0.72747,0.78711,0.56694,1.08434,0.92795,1.23785,0.00281375,0.00281375,0.00281375
55,1425.69,1.13259,1.11799,1.35566,0.8356,0.71746,0.78801,0.57191,1.08527,0.97199,1.24502,0.0027725,0.0027725,0.0027725
56,1451.09,1.09681,1.07226,1.33019,0.85782,0.75744,0.82275,0.59919,1.04142,0.83112,1.19549,0.00273125,0.00273125,0.00273125
57,1476.57,1.09179,1.0619,1.33061,0.83614,0.74057,0.81036,0.59703,1.04971,0.89039,1.19833,0.00269,0.00269,0.00269
58,1502.07,1.09184,1.06848,1.32607,0.87524,0.74776,0.82402,0.6114,1.0227,0.83521,1.17042,0.00264875,0.00264875,0.00264875
59,1527.7,1.08514,1.04874,1.31954,0.86792,0.76059,0.83109,0.6228,1.001,0.81629,1.16426,0.0026075,0.0026075,0.0026075
60,1553.25,1.07706,1.02951,1.31759,0.88148,0.74978,0.82698,0.6207,1.01099,0.81794,1.16672,0.00256625,0.00256625,0.00256625
61,1578.82,1.07413,1.05142,1.31395,0.87391,0.76297,0.82816,0.62263,0.9987,0.8116,1.17012,0.002525,0.002525,0.002525
62,1604.4,1.0827,1.04919,1.32013,0.87291,0.72293,0.80968,0.58874,1.08271,0.85946,1.21322,0.00248375,0.00248375,0.00248375
63,1629.07,1.07354,1.02808,1.31518,0.8568,0.7419,0.80963,0.58166,1.08076,0.87841,1.24607,0.0024425,0.0024425,0.0024425
64,1652.75,1.07291,1.04291,1.3165,0.82624,0.74915,0.80522,0.59375,1.0559,0.8724,1.22742,0.00240125,0.00240125,0.00240125
65,1678.88,1.06069,1.02037,1.30503,0.88434,0.75234,0.82389,0.61476,1.00483,0.81235,1.16363,0.00236,0.00236,0.00236
66,1704.67,1.07426,1.02787,1.314,0.85756,0.76037,0.82854,0.62039,1.00371,0.78104,1.16146,0.00231875,0.00231875,0.00231875
67,1730.87,1.06546,1.01119,1.30809,0.86489,0.77235,0.84016,0.63174,0.99646,0.77744,1.14805,0.0022775,0.0022775,0.0022775
68,1755.1,1.0511,1.00457,1.29462,0.88635,0.7732,0.83993,0.62989,0.98645,0.77338,1.15029,0.00223625,0.00223625,0.00223625
69,1780.88,1.04187,0.99975,1.29165,0.87414,0.76049,0.83429,0.6226,0.98163,0.76867,1.15903,0.002195,0.002195,0.002195
70,1806.43,1.04708,1.00427,1.30095,0.87011,0.75814,0.82751,0.61106,1.02566,0.78727,1.17751,0.00215375,0.00215375,0.00215375
71,1829.23,1.04873,0.99982,1.29435,0.88181,0.76258,0.83896,0.635,0.98841,0.78556,1.15467,0.0021125,0.0021125,0.0021125
72,1854.33,1.03861,0.99811,1.2958,0.87552,0.76197,0.83179,0.62801,0.99962,0.78267,1.16374,0.00207125,0.00207125,0.00207125
73,1879.9,1.05186,0.99154,1.29803,0.90214,0.779,0.85097,0.63849,0.976,0.73688,1.14253,0.00203,0.00203,0.00203
74,1905.25,1.04634,1.00319,1.30193,0.87179,0.77976,0.84192,0.62633,1.00585,0.7667,1.16116,0.00198875,0.00198875,0.00198875
75,1930.87,1.02453,0.96558,1.28388,0.89725,0.76987,0.8516,0.64181,0.96928,0.74755,1.12984,0.0019475,0.0019475,0.0019475
76,1956.66,1.03027,0.97497,1.28319,0.87173,0.75791,0.82212,0.61791,1.00286,0.7993,1.16834,0.00190625,0.00190625,0.00190625
77,1982.18,1.03894,0.98276,1.29363,0.91815,0.76495,0.8526,0.64374,0.97517,0.73871,1.13622,0.001865,0.001865,0.001865
78,2008.11,1.02378,0.96651,1.28219,0.88741,0.77997,0.84897,0.64237,0.98178,0.73844,1.14526,0.00182375,0.00182375,0.00182375
79,2034.41,1.02168,0.96547,1.28312,0.89454,0.77782,0.84019,0.62404,1.01354,0.77747,1.18007,0.0017825,0.0017825,0.0017825
80,2060.1,1.01803,0.97471,1.28294,0.90104,0.79143,0.86224,0.65733,0.95907,0.70328,1.12478,0.00174125,0.00174125,0.00174125
81,2085.57,0.99706,0.94918,1.27519,0.89644,0.79194,0.85513,0.65161,0.94882,0.70262,1.11772,0.0017,0.0017,0.0017
82,2109.44,0.99668,0.92926,1.25958,0.85188,0.79334,0.83945,0.63091,0.98207,0.74797,1.14564,0.00165875,0.00165875,0.00165875
83,2136.38,1.00794,0.94221,1.27341,0.88788,0.77784,0.83817,0.63412,0.97676,0.75292,1.14723,0.0016175,0.0016175,0.0016175
84,2166.42,1.00105,0.92459,1.27049,0.88604,0.79848,0.85505,0.65594,0.9396,0.71555,1.11351,0.00157625,0.00157625,0.00157625
85,2195.18,0.98941,0.91639,1.26528,0.89727,0.78358,0.85413,0.65051,0.94165,0.71813,1.11805,0.001535,0.001535,0.001535
86,2222.18,0.99105,0.92637,1.2646,0.91923,0.78042,0.85962,0.65747,0.93731,0.69869,1.10468,0.00149375,0.00149375,0.00149375
87,2249.5,0.98662,0.91316,1.26269,0.91133,0.79594,0.86246,0.66305,0.9232,0.67164,1.10897,0.0014525,0.0014525,0.0014525
88,2275.68,0.99517,0.92274,1.26459,0.92117,0.79544,0.85375,0.65367,0.94952,0.71362,1.1133,0.00141125,0.00141125,0.00141125
89,2301.66,0.99278,0.91382,1.26188,0.90562,0.79362,0.85639,0.65768,0.94904,0.69516,1.11844,0.00137,0.00137,0.00137
90,2327.07,0.98343,0.90315,1.26027,0.91621,0.78869,0.85509,0.65875,0.93968,0.6921,1.11445,0.00132875,0.00132875,0.00132875
91,2352.94,0.99247,0.90337,1.26022,0.92175,0.78814,0.86011,0.65665,0.93135,0.69156,1.10114,0.0012875,0.0012875,0.0012875
92,2378.43,0.97633,0.90642,1.25372,0.91022,0.78241,0.864,0.66197,0.92925,0.69442,1.10443,0.00124625,0.00124625,0.00124625
93,2401.33,0.98891,0.90472,1.26135,0.9025,0.79235,0.85877,0.656,0.9324,0.68456,1.10935,0.001205,0.001205,0.001205
94,2424.44,0.98062,0.90354,1.25689,0.91147,0.80708,0.86303,0.66712,0.91914,0.66092,1.10252,0.00116375,0.00116375,0.00116375
95,2450.32,0.96263,0.87581,1.24532,0.90006,0.7994,0.86507,0.66698,0.91297,0.66043,1.09416,0.0011225,0.0011225,0.0011225
96,2476.82,0.98183,0.89953,1.25955,0.8854,0.79975,0.86284,0.66238,0.92536,0.68734,1.1026,0.00108125,0.00108125,0.00108125
97,2503.53,0.97419,0.89122,1.25092,0.90247,0.79527,0.86193,0.6622,0.91819,0.66748,1.09158,0.00104,0.00104,0.00104
98,2529.52,0.96557,0.88153,1.24399,0.89786,0.80471,0.85962,0.66901,0.906,0.66747,1.09107,0.00099875,0.00099875,0.00099875
99,2553.53,0.95615,0.88631,1.24625,0.9106,0.79679,0.86441,0.6763,0.89811,0.66015,1.07926,0.0009575,0.0009575,0.0009575
100,2578.29,0.96793,0.87659,1.24977,0.91674,0.79576,0.86416,0.66824,0.90154,0.66559,1.08687,0.00091625,0.00091625,0.00091625
101,2604.23,0.94627,0.86838,1.23941,0.91388,0.80373,0.86475,0.67682,0.90156,0.64908,1.08704,0.000875,0.000875,0.000875
102,2630.49,0.93733,0.85631,1.23129,0.91498,0.79439,0.86302,0.66994,0.89601,0.64942,1.07433,0.00083375,0.00083375,0.00083375
103,2656.36,0.94509,0.84878,1.23483,0.91955,0.7977,0.86481,0.67283,0.89982,0.63515,1.07791,0.0007925,0.0007925,0.0007925
104,2682.54,0.94399,0.85615,1.23367,0.8959,0.81691,0.86343,0.66341,0.92216,0.66069,1.09454,0.00075125,0.00075125,0.00075125
105,2708.68,0.94969,0.85581,1.23578,0.91773,0.79902,0.8643,0.6754,0.89783,0.64963,1.07558,0.00071,0.00071,0.00071
106,2754.21,0.81228,0.61497,1.14612,0.89559,0.80606,0.86401,0.66818,0.91821,0.6647,1.09508,0.00066875,0.00066875,0.00066875
107,2776.41,0.78909,0.54059,1.14017,0.91264,0.809,0.86591,0.67187,0.91068,0.64761,1.09537,0.0006275,0.0006275,0.0006275
108,2798.25,0.77137,0.51905,1.12793,0.89913,0.81935,0.86712,0.67755,0.89969,0.6385,1.08284,0.00058625,0.00058625,0.00058625
109,2820.45,0.77555,0.51565,1.127,0.90754,0.81031,0.86555,0.67631,0.89439,0.64988,1.08299,0.000545,0.000545,0.000545
110,2842.32,0.76234,0.50077,1.12593,0.91482,0.81418,0.86787,0.68168,0.8904,0.63698,1.07706,0.00050375,0.00050375,0.00050375
111,2864.17,0.75105,0.49738,1.11369,0.9175,0.81131,0.86896,0.67914,0.89551,0.63954,1.07924,0.0004625,0.0004625,0.0004625
112,2886.19,0.75276,0.49537,1.11829,0.91729,0.81655,0.87021,0.68246,0.88938,0.63577,1.07304,0.00042125,0.00042125,0.00042125
113,2911.71,0.75299,0.48327,1.11291,0.93046,0.80852,0.86929,0.6799,0.89337,0.63735,1.07526,0.00038,0.00038,0.00038
114,2937.52,0.74454,0.48175,1.11242,0.92102,0.81846,0.87131,0.6836,0.88331,0.62954,1.06879,0.00033875,0.00033875,0.00033875
115,2959.31,0.74292,0.47376,1.10965,0.92947,0.81443,0.87119,0.68546,0.88223,0.6231,1.06988,0.0002975,0.0002975,0.0002975
116,2982.85,0.734,0.46917,1.10521,0.92892,0.81735,0.87089,0.68347,0.88923,0.62671,1.07681,0.00025625,0.00025625,0.00025625
117,3004.9,0.73219,0.46443,1.10528,0.92838,0.81529,0.87042,0.68403,0.88818,0.62364,1.07335,0.000215,0.000215,0.000215
118,3027.3,0.72651,0.4657,1.10006,0.93118,0.81714,0.87085,0.68415,0.8883,0.61957,1.07316,0.00017375,0.00017375,0.00017375
119,3050.8,0.7193,0.45896,1.09788,0.93586,0.81374,0.87274,0.68812,0.88295,0.61335,1.06872,0.0001325,0.0001325,0.0001325
120,3074.33,0.72341,0.46081,1.1014,0.93167,0.81257,0.87329,0.68698,0.88221,0.61292,1.06909,9.125e-05,9.125e-05,9.125e-05
